,Well,Fish,Measure,start2end
0,1.7350109513381997,4.932065406326035,0.028598126520681263,6.700862822384428
1,0.5915052239331469,1.1061756849256799,0.01512598603774851,1.3071132606092943
